,Protein,Label,log2FC,SE,Tvalue,DF,pvalue,adj.pvalue,issue,MissingPercentage,ImputationPercentage,HgncId
1,BRD2_HUMAN,DMSO-DbET6,2.046185244,0.114338622,17.89583616,260,0,0,NA,0.310067114,0,1103
2,BRD3_HUMAN,DMSO-DbET6,3.333427936,0.126570545,26.33652185,257,0,0,NA,0.252348993,0,1104
3,BRD4_HUMAN,DMSO-DbET6,2.668934662,0.101282782,26.35131665,257,0,0,NA,0.118120805,0,13575
4,CLH1_HUMAN,DMSO-DbET7,0.668934662,0.101282782,2.35131665,257,0.99,0.99,NA,0.118120805,0,2092